id,netgain
1,False
4,True
5,False
9,False
10,False
20,False
28,False
31,False
32,True
34,False
35,False
37,False
42,False
44,False
48,False
53,False
56,False
68,False
69,False
71,False
93,False
102,False
112,False
113,False
118,False
121,False
127,False
146,False
158,False
166,False
169,False
171,False
174,True
178,False
185,False
197,False
203,False
210,False
211,False
214,False
220,False
228,False
232,False
235,False
250,True
253,False
255,False
257,False
266,True
267,False
271,False
282,False
285,False
286,False
295,True
303,False
319,False
326,False
333,True
336,False
338,False
343,False
353,True
357,False
362,False
372,False
379,False
386,False
391,False
401,False
411,False
413,False
417,False
422,False
426,False
428,True
431,False
433,False
438,False
462,False
467,False
471,False
474,False
490,False
508,False
516,False
528,False
541,False
543,False
545,False
552,False
564,False
575,False
590,False
594,False
597,False
602,False
608,False
610,False
616,False
622,True
625,False
631,False
632,False
633,False
649,False
650,False
666,True
670,False
674,False
677,False
680,True
681,False
685,False
686,True
687,False
693,False
704,True
709,False
711,False
714,False
718,False
730,False
736,False
740,False
742,True
747,False
749,True
757,False
773,False
776,False
790,False
795,False
797,False
799,False
804,False
805,False
808,False
812,False
817,False
819,False
820,False
825,False
829,False
848,False
851,False
853,False
858,False
861,False
867,False
869,False
872,False
873,False
874,False
883,False
884,False
885,True
888,False
896,False
897,False
901,True
909,False
912,False
913,False
917,False
919,False
920,True
927,False
932,False
937,False
942,False
951,False
952,False
953,False
956,False
965,False
966,False
967,False
975,True
977,False
983,False
986,False
999,False
1001,False
1002,False
1003,False
1007,False
1009,False
1014,False
1015,False
1031,False
1034,False
1041,False
1046,True
1051,False
1058,False
1062,False
1069,False
1072,False
1081,False
1082,False
1085,False
1088,False
1090,False
1092,False
1102,False
1103,False
1104,False
1106,False
1109,False
1114,False
1117,False
1118,False
1121,False
1125,False
1126,False
1129,True
1136,False
1144,False
1145,False
1152,False
1168,False
1173,False
1177,True
1179,True
1180,True
1181,False
1194,False
1195,False
1199,False
1200,False
1204,False
1206,False
1213,False
1215,True
1217,True
1228,False
1232,True
1234,False
1239,True
1241,False
1248,False
1249,False
1275,False
1277,False
1279,False
1280,False
1291,False
1294,False
1299,False
1303,False
1305,False
1306,False
1311,False
1317,False
1327,False
1334,False
1342,True
1344,False
1352,False
1358,False
1360,False
1363,False
1375,False
1377,False
1379,False
1387,False
1398,False
1405,False
1410,True
1412,False
1416,False
1417,False
1425,False
1431,False
1432,False
1433,False
1447,False
1451,False
1453,False
1456,False
1458,False
1459,False
1471,False
1477,False
1479,False
1481,False
1482,True
1485,False
1487,False
1492,False
1502,False
1506,False
1512,False
1520,False
1527,False
1534,False
1535,False
1547,False
1558,True
1561,False
1570,False
1572,False
1574,False
1577,False
1584,False
1585,False
1589,False
1596,True
1601,False
1608,False
1612,False
1613,False
1617,True
1620,False
1639,False
1654,False
1658,False
1659,False
1663,False
1665,False
1668,False
1671,False
1675,False
1678,False
1687,False
1693,False
1703,False
1706,False
1714,False
1717,False
1719,False
1720,False
1722,True
1727,False
1728,False
1733,False
1739,False
1742,False
1744,False
1749,False
1755,False
1766,True
1767,False
1769,False
1775,False
1782,False
1783,False
1793,False
1804,False
1807,False
1826,False
1828,False
1830,False
1831,False
1834,False
1837,False
1838,False
1848,False
1854,True
1858,False
1859,False
1861,True
1864,True
1867,False
1869,False
1871,False
1875,False
1877,True
1880,False
1882,False
1887,False
1897,False
1898,False
1901,False
1910,False
1917,False
1921,False
1924,False
1929,True
1932,True
1947,False
1961,False
1964,False
1965,False
1974,False
1976,False
1990,False
1992,False
1994,True
2001,False
2003,False
2004,False
2008,False
2014,False
2028,False
2030,False
2051,True
2052,False
2054,False
2064,False
2068,False
2070,False
2072,False
2073,False
2074,False
2075,False
2078,False
2081,False
2088,False
2092,False
2094,False
2097,False
2100,False
2109,False
2115,False
2121,False
2122,False
2125,True
2129,False
2136,False
2138,False
2141,False
2145,False
2151,False
2152,False
2154,False
2159,False
2163,False
2166,False
2172,False
2174,False
2175,False
2182,False
2184,True
2187,False
2188,False
2196,False
2226,False
2230,True
2235,True
2242,False
2249,False
2252,False
2256,False
2258,False
2259,False
2261,False
2262,False
2268,False
2272,False
2274,False
2276,False
2277,False
2278,False
2283,False
2286,False
2289,False
2294,False
2298,False
2303,False
2307,False
2316,False
2322,False
2323,False
2325,False
2329,False
2341,False
2342,False
2345,False
2346,False
2348,False
2349,False
2350,False
2361,False
2368,False
2369,False
2382,False
2385,False
2390,False
2394,False
2397,False
2407,False
2410,False
2417,False
2418,False
2424,False
2426,False
2432,False
2436,False
2438,False
2441,False
2447,False
2451,False
2452,False
2459,False
2460,False
2461,False
2472,False
2475,False
2480,False
2481,False
2483,True
2490,True
2492,False
2495,False
2496,False
2497,False
2498,False
2509,False
2511,False
2512,False
2514,False
2527,False
2529,False
2545,False
2548,False
2561,False
2563,False
2565,False
2569,False
2587,False
2593,False
2600,True
2603,False
2604,False
2605,True
2617,False
2624,False
2627,False
2631,True
2643,False
2644,False
2651,True
2652,False
2663,True
2667,False
2668,False
2669,False
2672,False
2674,False
2679,True
2683,False
2690,True
2702,True
2706,True
2708,False
2711,False
2714,False
2727,False
2731,False
2737,False
2739,False
2747,False
2755,False
2763,False
2767,False
2776,False
2777,False
2781,False
2785,False
2791,False
2800,False
2804,False
2812,False
2822,False
2824,False
2832,False
2835,False
2839,True
2840,False
2845,True
2851,False
2855,False
2865,False
2868,False
2877,False
2882,False
2884,False
2898,False
2912,False
2913,False
2924,False
2936,False
2940,False
2946,False
2952,False
2953,False
2967,False
2970,True
2978,False
2985,False
2990,False
2993,False
3003,False
3007,True
3016,False
3019,False
3023,False
3026,False
3032,False
3038,False
3040,False
3041,False
3042,False
3044,True
3048,False
3053,True
3059,False
3073,False
3079,False
3081,False
3083,False
3086,False
3093,False
3100,True
3102,False
3105,True
3107,True
3111,False
3112,False
3116,False
3118,False
3126,False
3141,False
3145,False
3159,False
3161,False
3167,False
3169,False
3172,False
3176,False
3181,False
3184,False
3185,False
3191,False
3195,False
3196,False
3206,True
3215,True
3223,False
3227,False
3228,False
3234,False
3240,False
3249,False
3252,False
3260,False
3261,False
3266,False
3268,False
3270,False
3273,False
3278,False
3286,False
3288,False
3295,False
3296,False
3297,False
3301,False
3313,False
3315,True
3323,False
3325,False
3335,True
3342,False
3351,False
3358,False
3361,False
3363,False
3367,False
3371,False
3374,False
3375,False
3381,False
3382,False
3388,False
3389,False
3392,False
3393,False
3395,False
3401,True
3403,False
3407,False
3408,False
3413,False
3417,False
3419,False
3422,False
3432,False
3436,False
3438,False
3444,False
3447,False
3449,True
3453,False
3458,False
3460,False
3461,False
3467,False
3473,False
3481,False
3484,True
3496,False
3500,False
3504,False
3508,False
3513,False
3514,False
3529,False
3531,False
3540,False
3566,False
3579,False
3584,True
3596,False
3597,False
3600,True
3605,False
3607,False
3610,False
3619,False
3621,False
3622,False
3626,False
3627,False
3645,False
3650,False
3662,True
3664,True
3667,False
3669,False
3674,False
3676,False
3690,False
3697,False
3699,True
3701,False
3705,False
3715,False
3717,False
3725,False
3727,False
3741,False
3742,False
3748,False
3749,False
3751,False
3752,False
3757,False
3758,False
3760,False
3763,False
3774,False
3783,False
3787,False
3802,True
3803,False
3811,False
3813,False
3816,True
3818,False
3826,False
3833,False
3838,False
3854,False
3859,False
3864,True
3868,False
3874,False
3885,False
3888,False
3895,False
3912,True
3918,False
3923,False
3924,False
3928,False
3943,False
3950,True
3951,False
3972,False
3973,False
3979,False
3985,False
3986,True
4002,False
4031,False
4042,False
4047,False
4061,False
4068,False
4070,False
4072,False
4075,False
4076,False
4078,False
4079,False
4089,False
4090,False
4104,False
4150,False
4154,False
4157,False
4160,True
4162,False
4171,False
4175,False
4176,False
4177,False
4179,False
4184,False
4186,False
4195,False
4199,False
4203,False
4205,False
4208,False
4215,False
4221,False
4222,False
4226,False
4232,False
4235,False
4237,False
4242,False
4246,False
4251,False
4252,False
4260,False
4261,False
4268,False
4273,False
4275,False
4276,False
4278,False
4288,False
4289,False
4295,False
4306,False
4308,False
4310,False
4321,False
4328,False
4329,False
4333,False
4334,False
4338,False
4339,False
4341,False
4342,False
4350,False
4351,False
4352,False
4354,False
4357,False
4358,False
4361,False
4362,False
4367,False
4379,False
4384,False
4390,False
4398,False
4405,False
4406,False
4415,False
4418,False
4420,False
4423,False
4445,False
4447,False
4458,False
4464,False
4465,False
4471,False
4475,False
4489,False
4493,False
4496,False
4505,False
4506,False
4507,False
4509,False
4524,False
4535,False
4539,False
4542,False
4546,False
4547,False
4548,False
4550,False
4556,True
4559,False
4571,False
4577,False
4581,False
4585,True
4587,False
4588,False
4597,False
4602,False
4605,False
4609,False
4618,False
4620,False
4623,False
4624,False
4626,False
4637,False
4651,False
4655,False
4662,True
4664,False
4675,False
4678,False
4681,False
4682,False
4683,False
4687,False
4691,False
4693,False
4694,True
4695,True
4697,False
4710,False
4718,False
4719,False
4727,False
4729,False
4744,False
4748,False
4749,False
4753,False
4756,False
4757,True
4758,False
4760,False
4761,False
4790,True
4791,False
4795,False
4817,False
4818,False
4823,False
4825,True
4826,False
4828,False
4832,False
4849,False
4852,False
4854,False
4855,False
4861,False
4863,False
4870,False
4873,False
4876,True
4882,False
4885,False
4893,False
4896,False
4897,True
4906,False
4911,False
4912,False
4918,False
4919,False
4928,False
4935,False
4941,False
4942,False
4943,False
4944,False
4946,False
4962,False
4964,False
4965,False
4966,False
4972,False
4973,False
5000,False
5002,False
5008,False
5009,False
5013,False
5015,False
5018,False
5023,False
5024,False
5025,False
5026,False
5040,True
5042,False
5057,False
5058,False
5060,False
5063,False
5065,False
5066,True
5072,False
5073,False
5087,True
5094,False
5097,False
5098,True
5105,False
5106,False
5107,False
5126,False
5131,False
5135,False
5140,False
5144,False
5152,False
5154,False
5155,False
5162,False
5172,False
5173,False
5177,False
5178,False
5187,False
5190,True
5198,False
5209,False
5211,False
5220,False
5224,True
5234,False
5239,False
5251,False
5252,False
5266,False
5273,False
5286,False
5288,False
5291,False
5294,False
5310,False
5314,True
5320,False
5321,False
5325,False
5335,False
5340,False
5344,False
5351,False
5357,False
5360,False
5365,True
5366,False
5371,False
5373,False
5375,False
5376,False
5378,False
5382,True
5383,False
5386,True
5389,False
5398,False
5403,False
5406,False
5407,False
5408,False
5415,False
5418,False
5429,True
5435,False
5437,False
5444,True
5445,True
5446,False
5447,False
5449,False
5458,False
5467,False
5472,True
5473,False
5477,False
5483,True
5487,False
5498,False
5501,False
5502,False
5513,False
5515,False
5522,False
5539,False
5543,False
5545,False
5558,False
5559,False
5562,False
5565,False
5567,False
5569,False
5571,False
5572,False
5574,False
5577,False
5583,False
5587,False
5589,False
5594,False
5598,True
5607,False
5611,False
5619,False
5625,False
5626,False
5629,False
5632,False
5633,True
5637,True
5642,False
5649,False
5652,False
5653,False
5654,False
5662,False
5664,True
5669,False
5673,False
5677,False
5678,False
5680,False
5687,False
5693,False
5694,False
5696,False
5697,False
5707,False
5714,False
5715,False
5716,False
5717,False
5720,False
5721,True
5723,False
5728,False
5730,False
5731,False
5743,True
5745,False
5749,False
5754,False
5769,False
5770,False
5779,False
5786,False
5813,False
5818,False
5820,True
5831,True
5835,False
5837,False
5844,False
5846,False
5847,False
5852,False
5853,False
5858,False
5864,False
5872,False
5876,False
5878,False
5889,False
5891,False
5905,False
5923,False
5925,False
5934,False
5938,False
5942,False
5943,False
5948,True
5968,False
5978,False
5980,True
5988,False
5994,False
5996,False
5997,False
6009,False
6010,False
6033,True
6038,False
6041,False
6042,False
6052,False
6054,False
6063,False
6073,False
6076,False
6079,False
6084,False
6096,False
6107,False
6112,False
6121,False
6123,False
6126,True
6134,False
6140,False
6143,False
6144,False
6146,True
6165,False
6171,False
6176,False
6184,True
6185,False
6188,False
6190,False
6194,False
6196,False
6199,False
6200,False
6203,False
6206,False
6210,False
6212,False
6216,False
6217,False
6227,False
6237,False
6247,False
6275,False
6278,False
6283,False
6288,False
6294,False
6297,True
6304,False
6321,False
6324,False
6325,False
6329,False
6344,False
6349,False
6352,False
6358,False
6360,False
6362,False
6363,False
6379,False
6390,False
6393,False
6395,False
6396,False
6398,False
6399,False
6404,False
6407,False
6412,False
6416,False
6421,False
6422,False
6429,False
6436,False
6438,False
6447,False
6452,False
6460,False
6461,False
6466,False
6469,False
6474,False
6475,False
6477,False
6479,False
6480,False
6481,False
6492,False
6494,False
6495,False
6503,False
6506,False
6509,False
6513,False
6516,False
6520,False
6524,False
6533,False
6535,False
6539,False
6540,False
6541,True
6547,False
6548,False
6549,False
6553,False
6554,False
6559,False
6560,False
6561,False
6563,False
6568,False
6571,False
6573,False
6579,True
6588,True
6596,False
6602,False
6604,False
6605,False
6613,False
6620,False
6631,False
6637,False
6650,False
6653,False
6658,False
6665,False
6673,False
6698,False
6700,False
6706,False
6713,False
6727,False
6745,False
6748,False
6756,False
6761,False
6772,False
6774,False
6784,False
6789,False
6791,False
6793,False
6794,False
6801,False
6804,False
6806,False
6809,False
6811,False
6812,False
6818,False
6827,True
6834,False
6836,False
6841,False
6846,True
6847,False
6850,False
6859,False
6862,False
6869,False
6873,False
6874,False
6880,False
6881,False
6883,False
6887,False
6895,False
6899,False
6900,True
6912,False
6913,False
6914,False
6925,False
6931,False
6935,False
6945,False
6946,False
6947,False
6951,False
6963,True
6964,False
6967,False
6968,False
6969,False
6974,False
6975,False
6984,False
6986,False
6987,False
6990,False
7002,False
7011,False
7014,False
7015,False
7020,False
7022,False
7036,False
7048,False
7051,False
7052,False
7053,False
7062,False
7066,False
7085,False
7086,False
7093,False
7094,False
7101,False
7108,False
7111,False
7116,False
7126,False
7127,False
7129,False
7137,False
7144,False
7158,False
7161,False
7162,False
7165,False
7167,True
7169,False
7173,False
7176,False
7178,False
7192,False
7193,True
7202,False
7208,False
7211,False
7212,False
7217,False
7226,False
7249,True
7250,True
7252,False
7253,False
7261,False
7262,False
7264,False
7265,False
7274,False
7275,False
7277,False
7278,False
7281,False
7282,False
7283,False
7284,True
7288,False
7290,False
7291,False
7295,False
7302,False
7305,False
7310,False
7332,False
7333,False
7340,True
7356,False
7367,False
7371,False
7374,False
7380,False
7382,False
7390,False
7393,False
7408,False
7412,False
7418,False
7420,False
7423,False
7432,False
7433,False
7437,False
7445,False
7448,False
7462,False
7473,False
7474,False
7477,False
7497,False
7510,False
7514,False
7522,True
7524,False
7526,False
7528,False
7539,False
7541,False
7544,False
7546,False
7548,False
7549,False
7552,False
7554,False
7559,False
7571,False
7573,False
7578,False
7589,False
7597,False
7604,True
7613,True
7616,False
7621,False
7622,False
7626,False
7628,False
7638,False
7651,False
7652,False
7654,False
7656,False
7661,False
7676,False
7677,False
7681,False
7689,False
7698,False
7700,True
7703,True
7705,True
7714,False
7717,False
7718,False
7725,False
7726,False
7730,False
7734,False
7735,False
7736,False
7750,False
7755,True
7772,False
7777,False
7778,False
7779,False
7782,False
7784,False
7787,False
7796,True
7805,False
7808,True
7818,False
7820,False
7844,False
7849,False
7861,False
7864,False
7879,False
7900,False
7906,False
7908,False
7910,False
7911,False
7913,False
7915,False
7925,False
7927,False
7929,False
7930,False
7936,False
7938,False
7944,False
7948,False
7949,False
7953,False
7983,False
7984,False
7985,False
7988,False
7998,False
8006,False
8010,False
8011,False
8019,True
8021,False
8026,True
8043,False
8046,True
8049,False
8050,False
8053,False
8055,False
8060,False
8065,False
8066,False
8072,False
8075,True
8076,False
8079,False
8087,False
8098,False
8099,False
8105,False
8106,False
8109,False
8112,False
8130,False
8132,False
8140,False
8142,False
8145,False
8147,False
8149,False
8150,False
8175,False
8193,False
8194,False
8207,False
8210,True
8211,False
8218,False
8229,True
8238,False
8242,False
8250,False
8252,False
8254,False
8255,False
8257,True
8270,False
8271,False
8272,False
8273,False
8277,False
8284,False
8294,False
8296,False
8304,False
8307,True
8310,False
8323,False
8334,False
8340,False
8354,False
8358,False
8364,False
8373,True
8376,False
8387,False
8388,False
8392,False
8404,False
8405,False
8409,False
8410,False
8415,True
8418,True
8421,False
8425,False
8431,False
8434,False
8438,False
8439,False
8443,False
8453,False
8454,False
8459,False
8468,False
8474,False
8478,False
8479,False
8484,False
8486,False
8489,False
8490,False
8491,True
8492,False
8496,False
8504,False
8505,False
8512,True
8520,False
8522,False
8523,False
8524,False
8525,False
8531,False
8533,False
8537,False
8543,False
8548,False
8549,False
8552,False
8554,False
8556,False
8558,True
8560,True
8562,False
8573,False
8577,False
8578,False
8580,False
8592,False
8599,False
8620,False
8622,False
8632,False
8640,False
8642,False
8645,False
8646,False
8650,False
8669,False
8670,False
8673,False
8680,False
8682,False
8685,False
8686,False
8693,False
8695,True
8698,False
8699,False
8708,False
8718,False
8726,False
8730,True
8731,False
8737,False
8748,False
8754,False
8760,True
8763,False
8765,False
8772,False
8779,False
8786,False
8803,False
8805,False
8809,False
8820,False
8827,False
8834,False
8835,False
8837,False
8838,False
8842,False
8853,False
8854,False
8856,False
8860,False
8868,False
8872,False
8879,False
8885,False
8894,False
8897,True
8898,False
8899,False
8900,False
8906,False
8909,False
8912,False
8921,False
8927,False
8930,False
8935,False
8936,False
8937,False
8939,False
8955,False
8956,False
8962,False
8963,False
8966,False
8968,False
8969,False
8976,False
8980,False
8982,False
8983,False
8986,False
9001,False
9003,False
9005,False
9008,False
9011,False
9014,False
9015,False
9017,False
9038,False
9039,False
9040,True
9042,False
9044,False
9050,True
9052,True
9058,False
9068,False
9071,False
9072,False
9078,False
9082,False
9084,False
9086,False
9094,False
9102,False
9108,False
9118,False
9123,False
9124,False
9126,False
9127,True
9135,False
9150,False
9160,False
9163,False
9165,False
9170,False
9176,False
9181,False
9186,False
9191,False
9194,False
9197,False
9199,False
9214,False
9215,False
9221,False
9223,False
9224,True
9228,False
9242,False
9243,False
9247,False
9252,False
9253,False
9257,False
9258,True
9265,False
9266,False
9286,False
9291,False
9297,False
9299,False
9300,False
9305,True
9308,False
9312,False
9314,False
9318,False
9326,False
9333,False
9337,False
9347,True
9353,False
9356,False
9361,False
9368,False
9372,False
9376,False
9381,False
9384,False
9389,False
9391,False
9403,False
9404,False
9414,False
9417,False
9422,True
9427,False
9430,False
9434,False
9437,False
9451,False
9458,False
9467,False
9471,False
9479,False
9480,False
9484,False
9494,False
9496,False
9503,True
9518,False
9525,False
9527,False
9529,False
9530,False
9532,False
9550,False
9552,False
9554,False
9555,False
9558,False
9560,False
9563,False
9564,False
9570,False
9571,True
9573,False
9586,False
9587,False
9592,False
9595,True
9597,False
9598,False
9607,False
9608,False
9609,False
9613,False
9619,False
9622,False
9624,False
9629,False
9634,False
9643,False
9645,False
9647,False
9651,False
9654,False
9656,False
9661,False
9670,False
9675,False
9678,False
9685,False
9687,True
9692,False
9696,False
9697,False
9699,False
9719,False
9722,False
9723,True
9725,True
9728,False
9732,False
9734,True
9744,False
9756,False
9758,False
9760,False
9766,False
9769,False
9770,False
9773,False
9776,False
9782,False
9785,False
9786,False
9789,False
9795,False
9799,False
9800,True
9810,False
9813,False
9816,False
9825,False
9832,False
9843,False
9849,True
9858,False
9862,False
9879,False
9883,False
9884,False
9886,False
9887,False
9888,False
9890,False
9895,False
9907,False
9911,False
9915,False
9923,False
9924,False
9928,True
9930,False
9932,False
9934,False
9950,False
9953,False
9958,False
9964,False
9968,False
9970,False
9971,False
9973,False
9981,False
9984,False
9996,False
9997,False
10002,False
10014,False
10017,False
10040,False
10044,False
10050,False
10053,False
10054,False
10055,False
10070,True
10076,False
10077,False
10078,False
10081,False
10083,False
10085,False
10088,False
10089,False
10094,False
10096,False
10097,False
10098,False
10107,True
10114,False
10120,False
10121,False
10123,False
10133,False
10140,False
10155,True
10158,False
10159,False
10167,False
10171,False
10172,False
10173,True
10176,False
10180,False
10186,False
10187,False
10192,False
10193,False
10197,False
10200,False
10202,False
10205,False
10210,False
10213,False
10214,False
10215,False
10218,False
10219,False
10220,False
10225,False
10234,False
10237,False
10248,False
10252,False
10257,False
10262,False
10266,False
10270,False
10274,False
10275,True
10287,False
10290,False
10291,False
10304,False
10306,False
10316,False
10317,False
10323,False
10328,False
10336,False
10344,False
10352,False
10359,False
10368,False
10375,False
10377,True
10380,False
10381,False
10385,False
10391,False
10395,False
10402,False
10415,False
10416,False
10417,False
10421,False
10423,True
10426,False
10427,False
10429,False
10437,False
10453,False
10455,False
10457,False
10464,False
10469,False
10472,False
10473,False
10482,False
10485,False
10486,False
10487,False
10490,False
10502,False
10508,False
10512,False
10523,False
10526,False
10529,False
10531,False
10533,False
10534,False
10536,False
10540,False
10541,False
10542,False
10549,False
10551,False
10559,False
10562,False
10563,False
10566,False
10567,False
10579,False
10583,False
10586,False
10590,False
10592,False
10595,False
10611,False
10614,False
10619,False
10620,False
10631,False
10632,False
10633,False
10634,True
10643,False
10651,False
10659,True
10661,False
10663,False
10673,False
10678,False
10681,False
10690,False
10693,False
10700,False
10704,False
10706,False
10709,False
10714,False
10719,True
10720,False
10731,False
10735,True
10741,True
10747,False
10750,False
10778,False
10779,False
10781,False
10782,False
10787,False
10788,False
10791,False
10795,False
10801,False
10802,False
10818,False
10823,False
10838,False
10848,False
10862,False
10866,False
10870,True
10874,False
10875,False
10883,False
10886,False
10888,False
10893,False
10896,False
10897,False
10900,True
10908,False
10910,False
10911,False
10915,False
10924,False
10931,False
10932,False
10934,False
10937,False
10947,False
10951,False
10955,False
10958,False
10962,False
10963,False
10964,False
10968,False
10975,True
10981,False
10984,False
10996,False
10998,False
11012,True
11016,False
11018,False
11022,False
11025,False
11047,False
11048,False
11050,False
11052,False
11056,False
11058,False
11062,False
11065,False
11067,False
11070,False
11077,False
11079,False
11084,False
11086,False
11099,False
11100,False
11102,False
11105,False
11112,False
11118,True
11126,False
11136,False
11138,False
11139,False
11148,False
11149,False
11151,False
11156,True
11159,False
11161,False
11169,False
11183,False
11186,False
11195,False
11196,False
11204,False
11206,False
11208,False
11210,False
11213,False
11218,False
11225,False
11233,False
11236,False
11242,True
11244,False
11246,False
11248,False
11255,False
11258,False
11261,True
11269,False
11270,False
11274,False
11280,False
11289,False
11290,False
11293,False
11323,False
11329,True
11341,False
11344,False
11351,True
11356,False
11366,False
11389,True
11394,False
11395,False
11397,False
11404,False
11406,False
11407,False
11413,False
11419,True
11429,False
11436,False
11444,False
11449,False
11452,False
11453,True
11461,False
11464,False
11472,False
11481,False
11484,False
11490,False
11497,False
11503,False
11504,False
11511,False
11512,True
11523,False
11532,False
11539,True
11540,False
11541,False
11546,False
11551,False
11553,False
11557,False
11563,False
11564,True
11565,True
11566,True
11570,False
11583,True
11586,False
11591,False
11596,False
11601,True
11616,False
11618,False
11620,False
11625,False
11628,False
11630,False
11631,False
11635,False
11637,False
11645,False
11646,False
11650,False
11651,False
11654,False
11660,False
11662,False
11664,True
11667,False
11668,False
11673,False
11679,False
11681,False
11684,False
11689,False
11691,True
11704,False
11706,False
11709,False
11710,False
11717,False
11720,False
11727,False
11730,False
11732,False
11733,False
11748,False
11750,False
11751,False
11753,False
11764,True
11765,False
11766,False
11782,False
11783,False
11787,False
11788,False
11789,False
11794,False
11798,True
11806,False
11809,True
11815,False
11821,False
11830,True
11842,False
11843,False
11845,False
11849,False
11852,False
11856,False
11865,False
11874,False
11875,False
11876,False
11878,False
11884,False
11886,False
11887,False
11892,False
11910,False
11918,False
11920,True
11931,False
11937,False
11942,False
11945,False
11955,True
11957,False
11960,False
11962,False
11966,False
11970,False
11971,False
11973,False
11978,False
11981,False
11990,True
11998,False
12005,True
12041,False
12051,False
12052,False
12056,False
12059,False
12064,False
12065,False
12066,False
12069,False
12075,False
12078,False
12083,False
12090,False
12092,False
12101,False
12102,False
12103,False
12104,False
12106,True
12108,False
12112,False
12114,False
12117,False
12121,False
12125,True
12132,True
12133,False
12141,False
12142,False
12146,False
12148,False
12152,False
12155,False
12157,False
12162,False
12168,False
12173,True
12180,False
12194,False
12195,False
12197,False
12200,False
12204,False
12205,False
12216,False
12219,False
12224,False
12231,False
12232,False
12240,False
12245,False
12246,False
12259,False
12262,False
12264,False
12265,False
12277,False
12283,False
12285,False
12288,False
12300,False
12303,False
12305,False
12307,False
12311,True
12312,False
12315,False
12322,False
12325,False
12328,False
12336,False
12340,False
12345,False
12354,False
12361,True
12363,False
12365,False
12372,False
12373,False
12375,False
12383,False
12384,False
12387,False
12388,False
12397,False
12399,False
12402,True
12418,False
12424,False
12425,False
12426,False
12429,False
12432,False
12437,True
12442,False
12451,False
12452,True
12457,False
12458,False
12460,False
12462,False
12464,False
12469,False
12471,False
12474,False
12476,False
12477,False
12478,False
12479,False
12482,False
12483,False
12487,False
12495,False
12499,True
12502,False
12507,False
12521,False
12527,True
12535,False
12538,False
12539,False
12542,False
12545,False
12547,False
12554,False
12558,False
12565,False
12568,False
12574,False
12581,False
12590,False
12591,False
12596,False
12600,False
12614,False
12631,False
12636,False
12647,False
12665,False
12669,False
12672,False
12682,False
12687,False
12696,False
12698,False
12703,False
12704,False
12706,False
12710,False
12713,False
12728,True
12736,False
12740,False
12744,False
12751,False
12752,False
12756,False
12765,False
12772,False
12776,True
12779,False
12806,True
12808,True
12820,False
12822,True
12823,False
12827,False
12835,False
12839,False
12845,False
12846,False
12855,False
12863,False
12866,False
12867,False
12888,False
12889,True
12904,False
12910,False
12912,False
12916,False
12917,False
12920,False
12935,False
12942,False
12959,False
12974,False
12977,False
12981,False
12982,False
12991,False
13002,False
13008,False
13012,False
13016,True
13028,False
13037,False
13051,False
13052,False
13060,False
13064,False
13069,True
13072,False
13077,False
13078,True
13084,False
13086,False
13090,False
13091,False
13092,False
13099,True
13111,False
13113,True
13114,False
13115,False
13129,False
13130,False
13135,False
13137,False
13138,False
13147,False
13157,False
13159,False
13160,False
13169,False
13171,False
13173,False
13174,False
13182,False
13184,False
13185,False
13198,False
13201,False
13209,False
13210,False
13214,False
13223,False
13226,False
13233,False
13247,False
13251,False
13258,False
13264,False
13274,False
13276,False
13280,False
13285,False
13286,False
13289,False
13293,False
13294,False
13297,False
13307,False
13311,True
13312,False
13314,False
13317,False
13319,False
13320,False
13322,False
13332,False
13334,False
13343,True
13345,False
13349,False
13354,True
13355,False
13357,True
13361,False
13369,False
13377,False
13382,False
13390,False
13396,False
13405,False
13411,False
13412,False
13417,False
13436,True
13441,False
13445,False
13446,False
13449,False
13464,True
13467,False
13491,True
13498,False
13499,False
13513,False
13519,False
13520,False
13537,False
13539,False
13541,True
13543,False
13549,False
13556,False
13562,False
13568,False
13569,False
13576,False
13577,False
13578,False
13592,False
13602,False
13607,False
13608,False
13612,False
13613,False
13619,False
13622,False
13626,False
13631,False
13641,False
13645,False
13646,False
13651,False
13653,False
13655,False
13667,False
13687,False
13695,False
13697,False
13699,False
13705,False
13708,False
13715,False
13718,True
13725,False
13727,False
13729,False
13730,False
13731,False
13739,False
13741,False
13746,False
13752,False
13755,True
13773,False
13774,False
13775,False
13776,True
13782,True
13787,False
13798,False
13799,False
13803,False
13817,False
13821,False
13839,False
13840,False
13854,False
13857,False
13866,False
13870,False
13873,False
13876,True
13877,False
13878,False
13899,False
13909,True
13910,False
13912,False
13916,False
13918,False
13925,False
13931,False
13944,False
13945,False
13948,False
13953,False
13954,False
13961,False
13971,False
13976,False
13978,False
13987,False
13988,False
13993,False
14010,False
14014,False
14031,False
14038,False
14043,True
14045,False
14052,False
14056,False
14060,False
14061,False
14064,False
14069,False
14073,False
14074,False
14086,False
14090,True
14093,False
14097,False
14102,True
14105,False
14117,False
14125,False
14128,False
14130,False
14133,False
14144,False
14150,False
14154,False
14157,False
14158,False
14161,False
14163,False
14166,False
14171,False
14172,False
14175,False
14176,False
14179,False
14180,False
14181,False
14191,False
14197,False
14201,False
14205,False
14206,False
14210,False
14217,False
14221,False
14226,False
14228,False
14233,False
14234,True
14238,False
14240,False
14251,False
14252,False
14259,False
14262,False
14263,False
14266,False
14272,False
14273,False
14277,False
14279,False
14280,True
14288,False
14296,False
14301,False
14307,False
14310,True
14320,False
14328,False
14329,False
14343,False
14345,False
14346,False
14347,False
14350,False
14356,False
14363,False
14367,True
14368,False
14375,False
14382,False
14383,False
14386,False
14388,False
14391,False
14393,False
14397,False
14408,False
14413,False
14417,False
14424,True
14431,False
14435,False
14442,False
14449,False
14450,False
14452,False
14453,False
14455,False
14459,False
14461,False
14471,False
14475,False
14481,False
14488,False
14502,True
14513,False
14519,False
14520,False
14523,False
14531,False
14541,False
14546,False
14558,False
14564,False
14567,False
14568,False
14571,False
14573,False
14575,False
14577,False
14590,False
14591,False
14592,False
14599,False
14606,False
14611,True
14612,False
14614,False
14615,False
14619,False
14620,False
14622,False
14626,False
14628,False
14630,False
14633,True
14645,False
14651,False
14653,False
14655,False
14668,False
14673,False
14685,False
14693,False
14707,False
14716,False
14719,False
14720,False
14725,False
14726,False
14737,False
14742,False
14747,True
14753,False
14755,False
14756,False
14758,False
14760,False
14762,True
14776,False
14777,False
14781,False
14788,False
14790,True
14791,False
14794,False
14797,False
14811,False
14817,True
14819,False
14823,False
14825,True
14827,False
14829,True
14832,False
14847,False
14848,False
14852,False
14859,False
14860,False
14868,False
14871,False
14876,False
14878,False
14879,False
14889,False
14890,False
14891,False
14896,True
14897,True
14900,False
14909,False
14915,True
14925,False
14932,False
14944,False
14945,False
14950,False
14954,False
14965,False
14975,True
14977,False
14986,False
14994,False
14997,False
15000,False
15002,False
15019,False
15025,False
15035,False
15038,False
15046,False
15050,False
15055,True
15066,False
15070,False
15071,False
15073,False
15092,False
15097,False
15100,False
15105,False
15109,False
15117,True
15128,False
15133,False
15134,False
15142,False
15146,False
15150,False
15153,False
15173,True
15178,False
15184,False
15196,True
15199,False
15204,False
15207,True
15209,False
15219,False
15221,False
15225,True
15232,False
15233,False
15234,False
15235,False
15240,False
15242,False
15258,False
15262,False
15267,True
15268,False
15272,False
15275,False
15283,True
15295,False
15297,False
15325,False
15329,False
15347,False
15349,False
15361,False
15363,False
15368,False
15373,False
15374,False
15377,False
15385,False
15386,False
15388,False
15395,False
15399,False
15407,False
15413,False
15418,False
15419,False
15422,False
15425,False
15426,True
15427,False
15429,False
15430,False
15432,False
15437,False
15441,False
15443,True
15450,False
15453,False
15455,False
15456,False
15457,False
15463,True
15466,False
15469,False
15472,False
15475,True
15484,False
15492,False
15493,False
15501,False
15508,False
15518,False
15521,False
15523,False
15537,False
15540,False
15545,False
15558,False
15563,False
15564,False
15565,False
15579,True
15581,False
15587,False
15600,False
15603,False
15615,False
15621,True
15631,False
15633,False
15640,False
15655,False
15656,True
15662,False
15683,False
15691,True
15693,False
15704,False
15712,False
15715,False
15719,False
15722,False
15728,False
15733,False
15734,False
15735,False
15737,False
15738,False
15739,False
15753,False
15757,False
15759,False
15760,False
15763,False
15765,False
15768,False
15769,True
15772,False
15776,False
15779,False
15785,False
15791,False
15793,True
15795,True
15799,False
15809,True
15837,False
15840,True
15843,False
15850,False
15857,False
15860,False
15862,False
15864,False
15874,False
15875,False
15880,False
15891,False
15893,False
15894,False
15896,False
15898,False
15901,False
15909,True
15918,False
15921,False
15934,False
15935,True
15939,True
15942,False
15947,False
15953,True
15971,False
15972,True
15973,False
15976,False
15977,False
15978,False
15982,False
15985,False
15989,False
15992,False
16012,False
16015,False
16019,False
16024,False
16037,False
16039,False
16041,False
16042,True
16057,False
16062,False
16064,False
16067,False
16080,False
16081,False
16086,False
16090,False
16092,True
16105,False
16108,False
16113,False
16119,False
16120,False
16125,False
16149,False
16162,False
16163,False
16164,False
16165,False
16166,False
16169,False
16173,False
16175,False
16182,False
16187,False
16190,False
16196,False
16198,False
16208,False
16210,False
16212,False
16213,False
16216,False
16222,False
16227,False
16232,False
16234,False
16237,False
16241,False
16252,False
16253,False
16260,False
16261,False
16264,False
16268,False
16270,False
16271,False
16278,False
16279,True
16295,False
16315,False
16319,False
16320,False
16322,False
16323,False
16325,False
16328,False
16329,False
16333,False
16336,False
16352,False
16354,True
16357,False
16358,True
16364,False
16370,False
16377,False
16378,False
16382,False
16384,False
16389,False
16393,False
16406,False
16408,False
16409,False
16413,True
16414,False
16415,False
16420,False
16426,False
16436,False
16437,False
16462,False
16465,False
16470,False
16482,False
16485,True
16487,False
16489,False
16490,False
16493,False
16495,False
16497,False
16499,False
16504,False
16508,False
16510,False
16511,False
16520,False
16524,True
16529,False
16531,False
16534,False
16540,False
16551,False
16559,False
16562,True
16564,False
16567,False
16571,False
16573,False
16574,False
16579,True
16581,False
16586,False
16588,False
16594,False
16598,True
16626,False
16628,False
16629,False
16631,False
16632,False
16635,False
16644,False
16648,False
16655,False
16657,False
16662,False
16663,False
16673,False
16679,False
16683,False
16687,False
16688,False
16690,False
16695,False
16719,False
16722,False
16723,False
16730,False
16740,False
16745,False
16760,False
16766,False
16772,False
16781,False
16789,False
16795,True
16798,False
16806,False
16809,False
16810,False
16813,False
16818,False
16824,False
16829,False
16830,False
16831,False
16838,False
16842,False
16853,False
16854,False
16864,True
16866,False
16869,False
16878,False
16880,False
16882,False
16884,False
16888,False
16892,False
16895,False
16896,False
16907,False
16914,False
16920,False
16922,False
16923,False
16924,False
16940,False
16943,False
16954,False
16960,False
16961,False
16964,False
16967,False
16968,True
16969,False
16973,False
16976,False
16983,False
16988,False
16991,False
16995,False
16996,False
16997,False
16999,True
17004,False
17012,False
17014,False
17021,False
17022,False
17025,False
17029,False
17030,False
17032,False
17036,False
17044,False
17047,False
17070,False
17071,False
17085,False
17087,False
17090,False
17096,False
17104,True
17105,False
17115,False
17120,False
17125,False
17126,False
17127,False
17128,False
17129,True
17142,False
17148,False
17167,False
17168,False
17175,False
17182,False
17183,False
17195,False
17197,False
17207,False
17210,False
17221,False
17222,False
17223,False
17227,False
17229,False
17231,True
17240,False
17245,False
17254,False
17257,False
17259,False
17262,False
17267,False
17285,False
17297,False
17305,False
17308,False
17310,False
17315,False
17317,False
17320,False
17321,False
17324,False
17328,True
17334,False
17345,False
17356,False
17357,False
17358,False
17363,False
17364,False
17377,False
17379,False
17382,False
17385,False
17386,False
17396,False
17404,False
17407,False
17410,False
17418,False
17424,False
17431,False
17434,False
17440,False
17443,False
17450,False
17451,False
17455,False
17458,False
17459,False
17464,False
17469,False
17472,False
17473,True
17477,False
17479,False
17482,False
17483,False
17498,False
17502,False
17507,False
17515,False
17522,False
17528,False
17534,False
17536,False
17539,False
17553,False
17558,True
17559,False
17564,True
17567,False
17576,False
17580,False
17582,True
17584,True
17586,False
17590,False
17595,False
17596,False
17597,False
17599,False
17601,False
17603,False
17604,False
17609,False
17613,False
17615,False
17618,False
17622,False
17623,False
17630,False
17639,False
17645,False
17650,False
17651,False
17655,False
17657,False
17660,False
17680,False
17682,False
17684,False
17686,False
17696,False
17699,False
17707,False
17713,False
17718,False
17722,False
17724,False
17728,False
17731,False
17746,False
17747,False
17755,False
17765,False
17776,False
17786,False
17792,False
17797,False
17801,False
17802,False
17809,False
17818,False
17819,False
17834,False
17838,False
17839,False
17841,False
17844,False
17845,False
17848,False
17850,False
17851,True
17854,False
17857,False
17861,False
17873,False
17876,False
17880,False
17881,False
17882,False
17894,False
17901,False
17903,False
17904,False
17907,False
17916,False
17924,False
17928,True
17929,False
17936,False
17938,True
17939,True
17948,False
17949,False
17954,False
17956,False
17959,False
17972,False
17975,False
17987,False
17989,True
17994,False
17995,False
17999,False
18006,False
18007,False
18008,False
18020,True
18036,False
18037,False
18042,False
18043,False
18051,True
18058,False
18063,False
18071,False
18075,False
18079,False
18081,False
18091,False
18099,False
18102,True
18103,False
18125,False
18126,False
18143,False
18155,False
18158,False
18163,False
18166,False
18168,False
18169,False
18174,False
18178,True
18181,False
18182,False
18184,False
18192,False
18200,False
18204,False
18205,False
18211,False
18213,False
18227,False
18235,False
18251,False
18257,False
18260,False
18262,False
18268,True
18279,False
18280,False
18286,False
18290,False
18294,True
18303,False
18304,False
18313,False
18319,False
18321,False
18323,False
18331,False
18346,False
18348,False
18356,False
18357,False
18359,True
18365,False
18374,False
18387,False
18400,False
18418,False
18425,False
18432,False
18438,False
18446,False
18459,True
18465,False
18469,False
18473,False
18485,False
18489,False
18503,False
18504,False
18506,False
18510,False
18521,False
18528,False
18533,False
18534,False
18540,False
18541,False
18543,False
18548,False
18549,False
18551,False
18568,False
18572,False
18576,False
18580,False
18583,False
18587,False
18589,False
18590,False
18592,False
18596,False
18602,False
18603,True
18604,False
18607,False
18612,False
18613,False
18615,False
18627,True
18628,False
18630,False
18645,False
18646,False
18652,False
18654,False
18657,False
18658,False
18669,False
18671,False
18676,False
18677,False
18679,False
18680,False
18682,False
18689,False
18690,False
18691,False
18695,False
18696,False
18704,False
18705,False
18716,False
18721,False
18729,False
18734,True
18741,False
18749,False
18753,False
18759,False
18762,False
18770,False
18775,False
18777,False
18778,False
18788,False
18793,False
18797,False
18799,False
18803,False
18807,False
18817,True
18842,False
18846,False
18849,True
18855,False
18861,True
18862,False
18867,False
18871,True
18872,False
18880,False
18881,True
18885,False
18886,False
18891,True
18897,False
18898,False
18899,False
18900,False
18901,False
18908,True
18912,False
18914,False
18921,False
18922,False
18938,False
18940,False
18942,False
18951,False
18960,False
18961,False
18967,False
18983,False
18989,True
18994,False
18997,False
18999,False
19004,False
19008,False
19012,True
19016,False
19021,False
19024,False
19027,False
19042,True
19045,True
19050,True
19065,False
19073,False
19075,False
19079,False
19082,False
19088,False
19095,False
19098,False
19105,False
19111,False
19116,False
19117,False
19118,False
19121,False
19128,False
19130,False
19140,False
19145,False
19147,False
19166,False
19170,False
19172,False
19175,False
19187,False
19196,False
19198,False
19200,False
19203,False
19213,False
19219,False
19225,False
19232,True
19239,False
19243,False
19247,False
19248,False
19249,False
19252,False
19254,False
19257,False
19264,False
19270,False
19277,False
19279,False
19280,True
19281,False
19285,False
19286,False
19300,False
19309,False
19319,True
19320,False
19322,False
19325,False
19328,False
19334,False
19335,False
19339,False
19343,False
19347,False
19353,False
19354,False
19358,False
19360,False
19365,False
19366,False
19367,False
19375,False
19381,True
19399,False
19401,False
19412,False
19414,True
19417,False
19430,False
19435,False
19440,False
19441,False
19444,True
19446,True
19463,False
19464,False
19465,False
19469,False
19479,False
19482,False
19483,False
19486,False
19493,False
19494,False
19496,False
19500,False
19507,False
19510,False
19518,False
19521,False
19523,False
19525,False
19527,True
19538,False
19541,False
19544,False
19550,False
19556,False
19559,False
19561,False
19573,False
19592,False
19593,False
19594,True
19598,False
19602,False
19625,False
19627,False
19631,False
19638,False
19639,False
19645,False
19653,False
19657,False
19659,False
19672,True
19673,False
19676,False
19678,False
19679,False
19680,False
19684,False
19689,False
19691,False
19692,False
19695,False
19698,False
19702,True
19704,False
19714,False
19722,False
19723,False
19725,False
19734,False
19738,False
19739,False
19740,False
19742,False
19750,False
19754,False
19762,False
19768,False
19769,True
19774,False
19783,False
19788,False
19793,False
19801,False
19818,False
19828,False
19834,False
19836,False
19837,False
19841,True
19842,False
19844,False
19855,False
19857,False
19872,False
19873,False
19875,False
19882,False
19893,False
19903,False
19904,False
19913,False
19934,False
19936,False
19938,False
19942,False
19943,False
19954,False
19957,False
19965,False
19972,False
19982,False
19988,True
19993,False
19998,True
20000,True
20001,False
20006,True
20007,False
20010,False
20028,False
20029,False
20030,False
20031,False
20033,False
20035,True
20037,True
20040,False
20043,False
20047,False
20052,False
20053,False
20056,False
20063,False
20077,False
20098,False
20105,False
20109,True
20111,False
20117,False
20123,False
20125,False
20126,False
20127,False
20128,False
20149,False
20154,True
20158,False
20159,False
20160,False
20165,False
20174,False
20177,False
20178,False
20183,False
20187,False
20189,False
20190,False
20192,False
20201,False
20211,True
20214,False
20218,False
20221,False
20225,True
20228,False
20237,False
20244,False
20255,False
20256,False
20260,False
20261,False
20262,True
20266,False
20280,False
20288,False
20289,False
20297,False
20299,False
20300,True
20301,False
20304,False
20306,False
20309,False
20315,False
20318,False
20319,False
20327,False
20337,False
20338,False
20339,False
20348,True
20351,False
20361,False
20369,False
20374,False
20380,False
20382,True
20383,False
20386,False
20389,False
20395,False
20408,False
20413,False
20419,False
20420,False
20423,False
20425,False
20434,False
20453,False
20460,False
20464,True
20468,True
20471,False
20479,False
20485,False
20486,False
20495,False
20497,False
20499,False
20501,False
20503,False
20506,False
20509,False
20513,False
20517,False
20519,False
20520,False
20522,False
20528,False
20531,False
20539,False
20543,False
20547,False
20549,False
20550,False
20551,False
20558,False
20559,False
20570,False
20575,False
20577,False
20578,False
20582,False
20589,False
20596,False
20606,False
20612,True
20616,False
20625,True
20630,False
20633,False
20640,False
20642,True
20643,False
20648,False
20651,False
20654,False
20659,False
20663,False
20664,False
20666,False
20669,False
20673,False
20676,False
20679,False
20684,False
20687,False
20690,True
20695,True
20708,True
20709,False
20710,False
20712,False
20714,False
20722,False
20731,True
20748,False
20754,True
20772,False
20773,False
20779,False
20788,False
20792,False
20794,False
20797,False
20798,False
20801,False
20805,False
20807,False
20814,False
20815,False
20821,False
20822,False
20826,False
20834,False
20836,False
20837,False
20840,False
20843,False
20848,False
20852,False
20854,False
20859,False
20860,False
20865,True
20869,False
20871,False
20879,False
20885,False
20888,False
20889,False
20890,False
20892,False
20901,False
20904,True
20908,False
20912,False
20922,False
20931,False
20938,False
20939,False
20942,False
20945,False
20948,False
20954,False
20956,False
20961,False
20963,False
20967,False
20972,False
20977,False
20981,False
20987,False
20988,False
20994,False
20998,True
21000,False
21006,False
21007,False
21012,False
21019,False
21020,False
21025,False
21038,False
21044,False
21049,False
21050,False
21060,True
21061,False
21062,False
21069,False
21070,False
21071,False
21072,True
21078,False
21091,False
21095,False
21103,False
21108,False
21109,False
21111,False
21112,False
21118,False
21119,False
21120,False
21127,False
21129,False
21135,False
21143,False
21144,False
21146,False
21156,False
21158,False
21160,False
21163,True
21165,False
21175,False
21185,False
21188,False
21191,False
21192,False
21199,False
21203,False
21210,False
21211,False
21225,False
21226,False
21229,False
21241,True
21244,False
21249,False
21251,True
21254,False
21255,False
21258,False
21262,False
21265,False
21277,False
21285,True
21293,False
21299,False
21303,False
21304,False
21305,False
21311,False
21316,False
21321,False
21322,False
21336,False
21344,False
21366,False
21371,False
21386,False
21399,False
21400,False
21406,False
21409,False
21415,True
21416,False
21421,False
21426,False
21434,False
21437,False
21446,False
21447,False
21451,False
21452,True
21455,False
21461,False
21464,False
21477,False
21480,False
21485,False
21488,False
21491,False
21496,False
21499,False
21501,False
21502,True
21509,False
21515,False
21522,False
21528,False
21529,False
21540,False
21541,False
21545,False
21548,True
21559,False
21571,False
21574,False
21583,False
21590,False
21596,True
21602,False
21604,False
21606,False
21608,False
21609,False
21618,False
21626,False
21627,False
21631,False
21632,False
21636,False
21637,False
21641,True
21646,False
21650,False
21656,False
21657,False
21658,False
21662,True
21667,False
21670,False
21676,True
21681,False
21682,False
21685,False
21687,False
21692,False
21693,False
21696,False
21697,False
21705,False
21721,False
21723,False
21725,False
21735,False
21736,True
21741,False
21742,True
21743,False
21750,False
21752,False
21753,False
21754,False
21758,False
21766,False
21774,False
21783,False
21786,False
21793,False
21794,False
21799,False
21802,False
21807,False
21812,False
21823,True
21826,False
21834,False
21836,False
21839,False
21842,False
21845,False
21846,False
21851,False
21854,False
21864,False
21867,False
21874,False
21877,False
21879,False
21894,False
21897,False
21900,True
21906,False
21913,False
21919,True
21920,False
21923,False
21928,False
21936,False
21940,False
21945,False
21947,False
21952,False
21976,False
21979,False
21982,False
21985,False
21994,False
22023,False
22029,False
22034,False
22044,False
22047,False
22051,False
22053,False
22054,False
22057,False
22063,False
22069,False
22076,False
22083,False
22087,False
22088,False
22089,False
22093,False
22097,False
22111,False
22112,False
22113,False
22119,False
22145,False
22149,False
22150,False
22158,False
22162,False
22166,False
22172,False
22174,False
22179,False
22190,False
22193,False
22195,False
22197,False
22200,False
22206,False
22212,False
22213,False
22225,False
22230,False
22235,False
22239,False
22247,False
22254,False
22266,False
22271,False
22273,False
22274,False
22277,False
22279,True
22280,False
22283,False
22284,False
22288,False
22290,False
22300,False
22311,False
22312,False
22313,False
22322,False
22327,False
22330,False
22331,False
22350,False
22355,False
22357,False
22361,False
22363,False
22364,False
22366,False
22368,False
22369,False
22370,False
22372,False
22376,False
22382,False
22387,False
22396,False
22402,False
22410,False
22412,False
22415,False
22425,False
22426,False
22429,False
22435,False
22441,False
22442,False
22455,True
22457,False
22468,False
22477,False
22484,False
22491,False
22498,False
22502,True
22504,False
22509,False
22510,False
22512,True
22518,False
22524,False
22527,False
22528,True
22535,False
22538,False
22542,False
22544,False
22545,False
22555,False
22561,False
22562,True
22565,False
22570,False
22575,False
22576,False
22578,False
22579,False
22589,False
22593,False
22595,False
22597,False
22601,False
22611,False
22614,False
22615,False
22617,False
22620,False
22625,False
22626,False
22637,False
22644,False
22646,False
22648,False
22657,False
22660,False
22665,False
22673,False
22675,False
22676,False
22687,False
22696,False
22700,False
22704,False
22709,False
22716,False
22717,False
22718,False
22723,False
22728,False
22733,False
22735,True
22743,False
22752,False
22757,False
22768,False
22771,False
22772,False
22774,False
22776,False
22777,False
22778,False
22785,False
22786,False
22787,False
22793,False
22798,False
22803,False
22813,False
22817,False
22818,False
22819,False
22820,False
22825,False
22827,False
22829,False
22831,False
22838,False
22844,True
22848,False
22853,False
22858,False
22864,False
22868,False
22885,False
22888,False
22901,False
22907,False
22913,False
22918,False
22923,False
22929,True
22935,False
22936,False
22941,False
22942,False
22943,False
22952,False
22956,False
22964,False
22968,False
22974,False
22978,False
22981,False
22985,False
22987,False
22988,False
22993,False
22994,False
22997,False
22999,False
23000,False
23003,True
23010,False
23015,False
23026,False
23029,False
23047,True
23048,False
23049,False
23055,True
23056,False
23060,False
23064,False
23066,True
23071,False
23072,False
23074,False
23079,False
23082,False
23094,False
23095,False
23097,False
23101,False
23102,False
23104,True
23110,False
23113,False
23115,True
23118,False
23129,False
23130,False
23135,False
23136,False
23139,False
23153,False
23158,False
23163,False
23186,False
23187,False
23189,False
23192,False
23193,False
23194,True
23197,False
23200,False
23223,False
23224,False
23228,False
23250,False
23251,False
23252,False
23257,False
23259,False
23262,False
23267,False
23272,False
23274,False
23288,False
23291,False
23293,False
23294,True
23302,False
23313,False
23325,False
23326,False
23337,False
23342,False
23345,False
23347,False
23350,False
23353,False
23360,False
23388,False
23393,False
23399,False
23402,False
23412,False
23416,False
23417,False
23418,False
23426,False
23429,False
23430,False
23432,False
23446,False
23450,False
23452,False
23455,False
23457,False
23459,False
23461,False
23462,False
23467,False
23468,False
23473,False
23476,False
23477,False
23489,False
23498,False
23508,False
23515,True
23522,False
23530,False
23531,False
23537,False
23538,False
23544,False
23553,False
23556,False
23564,False
23566,False
23569,False
23571,False
23574,False
23583,False
23584,False
23585,False
23586,False
23591,False
23597,False
23598,False
23604,False
23605,False
23608,False
23613,False
23616,False
23619,False
23625,False
23631,False
23641,False
23650,False
23651,False
23656,False
23663,False
23667,False
23671,False
23672,False
23690,False
23694,False
23696,False
23700,False
23701,False
23702,False
23704,False
23705,False
23717,False
23718,False
23721,False
23727,False
23730,False
23734,True
23735,False
23738,False
23745,False
23748,False
23757,False
23783,False
23789,True
23791,False
23793,False
23804,False
23808,False
23818,False
23827,False
23831,False
23837,False
23841,False
23847,False
23848,False
23853,False
23854,False
23874,True
23876,False
23878,False
23887,False
23891,False
23894,False
23901,False
23903,False
23910,False
23912,False
23913,False
23917,True
23921,False
23922,False
23929,False
23934,False
23936,True
23939,False
23947,False
23954,False
23964,False
23987,False
23993,False
23999,False
24002,False
24006,False
24007,False
24023,False
24030,False
24033,False
24038,False
24040,False
24042,False
24049,False
24057,False
24066,False
24067,False
24070,False
24075,False
24076,False
24105,False
24110,True
24112,False
24117,False
24128,False
24129,False
24133,False
24136,False
24138,False
24142,False
24160,False
24171,False
24180,False
24189,False
24190,False
24191,False
24211,False
24214,False
24216,False
24220,False
24222,False
24223,False
24226,False
24229,False
24234,False
24243,False
24248,True
24252,True
24258,False
24261,False
24264,False
24266,False
24274,False
24275,False
24281,False
24282,False
24284,False
24285,False
24286,False
24297,False
24298,False
24300,False
24304,True
24308,False
24314,False
24326,False
24331,False
24334,False
24336,False
24338,True
24349,False
24352,False
24355,False
24358,False
24364,False
24365,False
24372,False
24374,False
24378,False
24383,False
24394,False
24400,False
24402,False
24405,False
24406,False
24414,True
24416,False
24421,False
24436,False
24437,False
24440,False
24443,False
24444,False
24449,False
24454,False
24470,False
24474,False
24478,False
24480,False
24494,False
24495,False
24497,False
24498,False
24499,False
24501,False
24502,False
24512,False
24517,False
24518,False
24519,False
24521,False
24523,False
24526,True
24528,False
24532,False
24535,False
24541,False
24548,False
24551,True
24564,False
24567,False
24568,False
24572,False
24576,False
24584,False
24589,False
24593,False
24597,False
24598,False
24603,False
24607,False
24608,False
24610,False
24613,False
24616,False
24617,False
24622,False
24632,False
24637,False
24639,False
24640,False
24646,False
24652,False
24657,True
24663,False
24673,False
24680,False
24687,False
24692,False
24699,False
24700,True
24703,False
24706,False
24711,False
24717,False
24723,False
24724,True
24732,False
24736,False
24738,True
24739,True
24741,True
24750,False
24751,False
24759,False
24760,True
24762,False
24764,False
24768,False
24769,False
24772,False
24777,False
24779,False
24780,False
24782,True
24787,False
24802,False
24808,False
24809,False
24824,False
24826,False
24838,False
24841,False
24844,False
24846,True
24854,False
24857,False
24859,False
24863,False
24866,True
24869,False
24874,False
24882,False
24890,False
24891,False
24896,False
24897,False
24901,False
24903,True
24904,True
24907,False
24913,False
24917,False
24920,False
24924,False
24936,False
24951,False
24954,False
24961,False
24965,False
24967,False
24968,False
24969,False
24977,False
24981,False
24984,False
24989,False
24992,True
25004,False
25008,False
25009,False
25010,False
25013,False
25015,False
25032,False
25036,True
25038,False
25044,True
25055,False
25059,True
25060,False
25063,False
25064,True
25065,False
25067,False
25069,False
25070,False
25071,False
25075,True
25083,True
25085,False
25087,False
25088,False
25093,False
25102,False
25103,False
25107,False
25113,False
25114,True
25117,False
25121,False
25129,False
25131,False
25137,False
25140,False
25144,False
25148,False
25152,False
25160,False
25177,False
25178,False
25192,False
25198,False
25199,False
25200,False
25207,False
25211,False
25213,False
25215,False
25220,False
25222,False
25226,False
25227,False
25228,False
25236,False
25239,False
25240,False
25244,False
25245,False
25251,False
25260,False
25261,False
25265,False
25269,True
25277,False
25283,False
25287,False
25291,False
25295,True
25296,False
25298,False
25302,False
25307,False
25312,False
25313,True
25318,False
25319,False
25320,False
25322,False
25325,True
25326,False
25329,False
25330,False
25333,False
25334,False
25336,False
25347,False
25351,False
25367,True
25369,False
25375,False
25377,False
25381,False
25384,True
25388,False
25389,False
25391,False
25393,False
25396,False
25418,False
25421,False
25424,False
25425,False
25426,False
25429,False
25440,True
25448,False
25464,False
25465,False
25467,False
25489,True
25490,False
25492,False
25493,False
25497,False
25503,False
25504,False
25506,False
25511,False
25516,False
25526,False
25535,False
25539,False
25543,False
25545,False
25552,False
25555,False
25559,False
25567,False
25591,False
25596,False
25597,False
25599,False
25615,False
25617,False
25626,False
25635,False
25645,False
25650,False
25651,False
25658,False
25665,False
25669,False
25670,False
25671,True
25672,False
25681,False
25688,False
25693,False
25705,False
25708,False
25709,False
25717,False
25726,False
25731,False
25736,True
25752,False
25767,False
25777,False
25779,False
25786,False
25788,False
25789,False
25793,True
25794,False
25801,False
25802,False
25806,False
25807,False
25809,False
25810,False
25818,True
25826,False
25829,False
25830,False
25831,True
25832,False
25838,False
25843,False
25849,False
25853,False
25857,False
25875,False
25881,False
25889,True
25891,False
25897,False
25901,False
25904,False
25912,False
25916,False
25919,False
25923,False
25925,False
25941,False
25949,False
25956,False
25957,False
25962,False
25963,False
25970,False
25971,False
25975,True
25978,False
25980,False
25987,True
25989,False
25996,False
26003,False
26007,False
26017,False
26018,False
26025,False
26029,False
26051,False
26052,False
26055,False
26068,False
26074,False
26076,False
26078,True
26081,False
26089,False
26090,False
26096,False
26106,False
26114,False
26127,True
26131,False
26137,False
26140,False
26145,False
26146,False
26156,False
26159,False
26160,False
26165,False
26167,True
26171,False
26176,False
26180,True
26187,False
26189,False
26190,False
26194,False
26201,False
26202,False
26207,False
26211,False
26213,False
26216,False
26219,False
26229,False
26234,True
26235,False
26236,False
26243,False
26251,False
26254,False
26266,True
26273,False
26274,False
26277,False
26278,False
26284,False
26288,True
26290,False
26294,False
26296,False
26297,False
26299,False
26302,False
26305,False
26306,True
26308,False
26314,False
26316,False
26324,False
26329,False
26334,False
26336,False
26339,False
26340,False
26349,False
26353,False
26363,False
26365,False
26369,False
26370,False
26372,False
26375,False
26376,True
26380,False
26385,False
26387,False
26388,False
26390,False
26391,False
26396,False
26402,True
26411,False
26412,False
26413,True
26419,False
26420,False
26426,False
26431,False
26438,False
26442,False
26444,False
26448,False
26458,False
26461,False
26462,False
26465,True
26479,False
26482,False
26486,True
26495,False
26497,False
26501,False
26513,False
26515,False
26524,False
26526,False
26541,False
26543,False
26544,False
26549,False
26558,False
26565,False
26566,False
26570,False
26597,False
26609,False
26613,False
26615,False
26621,False
26629,False
26634,False
26636,False
26638,False
26658,False
26659,False
26669,False
26670,True
26672,False
26678,False
26684,False
26687,False
26696,False
26701,False
26706,True
26707,False
26708,False
26722,True
26735,False
26738,False
26743,False
26747,False
26750,False
26760,False
26765,False
26769,False
26770,False
26771,False
26779,False
26782,False
26784,False
26788,True
26789,False
26795,False
26800,False
26805,False
26811,False
26814,False
26832,False
26834,False
26835,False
26839,False
26847,False
26850,False
26851,False
26853,False
26862,False
26868,False
26900,False
26901,False
26904,False
26907,False
26911,False
26915,False
26916,False
26917,False
26919,False
26928,False
26939,False
26941,False
26949,False
26952,True
26953,False
26957,True
26961,False
26971,False
26973,False
26978,True
26981,False
26982,False
26985,False
26988,False
26993,False
26999,False
27002,False
27005,False
27013,False
27016,False
27020,False
27024,False
27029,False
27030,False
27036,False
27040,False
27041,False
27044,False
27046,False
27048,False
27054,False
27056,False
27059,False
27062,False
27065,False
27066,False
27069,False
27071,False
27073,True
27078,False
27081,False
27083,False
27091,False
27105,False
27112,False
27114,False
27115,True
27127,True
27128,False
27135,False
27142,False
27148,False
27151,False
27155,False
27156,False
27165,False
27167,False
27168,False
27174,False
27175,False
27179,False
27180,False
27190,False
27191,False
27193,False
27205,False
27207,False
27209,False
27213,False
27216,False
27224,False
27227,False
27240,False
27241,False
27247,False
27249,False
27250,False
27252,False
27256,False
27258,False
27261,False
27268,False
27269,False
27283,False
27288,False
27297,True
27313,False
27314,False
27322,False
27329,False
27334,True
27335,False
27344,False
27347,False
27354,False
27358,False
27359,False
27360,False
27361,False
27364,True
27371,False
27373,False
27374,False
27378,False
27379,False
27383,False
27387,False
27400,False
27406,False
27407,True
27411,False
27433,False
27438,False
27446,False
27450,False
27451,False
27467,False
27471,False
27474,False
27478,False
27479,False
27481,False
27482,False
27484,False
27492,False
27493,False
27505,False
27510,False
27511,False
27512,False
27516,False
27518,False
27525,False
27529,False
27532,False
27533,False
27534,False
27540,False
27542,False
27544,False
27546,False
27550,False
27552,False
27558,False
27561,False
27569,False
27573,False
27574,False
27575,True
27582,False
27585,False
27590,False
27591,False
27593,False
27597,True
27605,False
27612,False
27615,False
27622,False
27629,True
27633,False
27637,False
27639,False
27642,False
27661,True
27667,False
27673,False
27679,False
27681,False
27683,False
27684,True
27688,False
27699,False
27700,False
27702,False
27705,False
27706,False
27718,False
27724,False
27726,False
27736,False
27737,False
27741,False
27742,False
27748,False
27749,False
27756,False
27769,False
27771,False
27775,False
27784,False
27787,False
27788,False
27789,False
27798,False
27800,False
27814,False
27825,False
27827,False
27828,False
27829,False
27836,False
27838,False
27840,True
27843,False
27844,False
27846,False
27859,False
27860,True
27861,False
27864,False
27868,True
27876,False
27886,False
27887,False
27899,False
27907,False
27909,False
27911,True
27919,False
27930,False
27932,False
27940,False
27941,False
27952,False
27958,False
27959,True
27960,False
27963,False
27964,False
27970,True
27973,False
27975,False
27977,False
27979,False
27987,False
27989,False
27994,True
27999,False
28008,False
28017,False
28021,False
28023,False
28031,False
28036,False
28038,False
28045,False
28047,False
28054,False
28061,False
28065,False
28072,False
28073,False
28083,False
28086,False
28090,False
28102,False
28116,False
28118,False
28135,True
28136,False
28146,False
28148,False
28156,False
28157,False
28160,False
28165,False
28166,False
28177,False
28181,False
28183,False
28185,False
28194,False
28196,False
28211,False
28213,False
28218,False
28219,False
28226,False
28242,False
28251,False
28259,False
28264,False
28269,False
28270,False
28271,False
28282,False
28291,False
28292,False
28294,False
28295,False
28302,False
28312,False
28317,False
28318,False
28328,False
28329,False
28334,False
28335,False
28350,True
28353,False
28371,False
28376,False
28384,True
28385,False
28387,True
28388,False
28400,False
28406,False
28413,True
28414,False
28415,False
28416,False
28417,False
28421,False
28426,False
28429,False
28449,False
28450,False
28463,False
28467,False
28474,False
28478,False
28483,False
28488,False
28489,True
28492,False
28493,False
28494,False
28501,False
28502,False
28503,False
28504,False
28505,False
28521,False
28525,False
28531,False
28534,False
28538,False
28541,False
28545,False
28547,False
28550,False
28562,False
28564,False
28566,False
28588,False
28597,True
28601,False
28604,False
28606,False
28614,False
28621,False
28643,False
28645,False
28650,False
28657,False
28658,False
28659,False
28661,False
28662,False
28667,True
28669,False
28681,False
28685,False
28688,False
28705,True
28709,False
28723,False
28725,False
28726,False
28735,False
28737,False
28738,False
28740,False
28743,False
28748,False
28749,False
28755,False
28756,False
28758,False
28762,False
28767,True
28776,False
28785,False
28787,False
28790,False
28795,False
28798,True
28799,False
28802,False
28812,False
28814,False
28816,False
28818,False
28822,False
28827,False
28835,False
28837,False
28838,False
28840,False
28847,False
28850,False
28852,False
28854,False
28856,False
28861,False
28875,False
28879,False
28897,False
28899,False
28907,False
28912,False
28913,False
28914,False
28928,False
28945,True
28947,False
28948,False
28949,True
28956,False
28961,False
28975,False
28976,False
28979,False
29006,False
29010,False
29012,False
29014,False
29018,False
29022,False
29027,False
29029,False
29031,False
29033,False
29045,False
29049,False
29062,False
29068,False
29071,False
29076,False
29078,False
29082,False
29084,False
29094,False
29100,True
29102,True
29108,False
29111,False
29114,False
29117,False
29118,True
29120,False
29126,False
29134,False
29147,True
29150,True
29155,False
29156,False
29159,False
29166,False
29168,False
29173,False
29174,False
29189,False
29200,True
29202,False
29203,True
29209,False
29220,False
29226,False
29230,False
29239,False
29246,False
29250,False
29252,False
29272,False
29279,False
29281,False
29283,True
29284,False
29291,True
29293,False
29304,False
29307,False
29317,False
29318,True
29327,False
29333,False
29336,False
29338,False
29343,False
29344,False
29362,False
29363,False
29369,False
29384,False
29391,False
29393,False
29397,False
29400,True
29402,False
29409,False
29412,False
29414,False
29432,False
29438,False
29443,True
29445,False
29446,False
29458,False
29459,False
29467,False
29468,False
29472,False
29473,False
29484,True
29490,False
29494,False
29502,True
29513,False
29515,False
29516,False
29521,False
29524,False
29526,True
29527,False
29534,False
29548,False
29553,False
29556,False
29558,True
29560,False
29561,True
29564,False
29573,False
29580,True
29581,False
29586,False
29591,False
29601,False
29606,False
29608,False
29620,False
29626,False
29631,False
29632,True
29637,True
29647,False
29652,False
29657,False
29660,False
29662,False
29670,False
29671,False
29673,False
29675,False
29678,False
29680,False
29682,False
29690,False
29696,False
29702,False
29715,False
29717,False
29719,False
29722,False
29723,False
29727,False
29742,False
29764,False
29773,False
29779,False
29790,False
29802,False
29803,False
29805,False
29810,True
29813,False
29822,False
29831,False
29835,False
29838,False
29853,False
29857,False
29863,False
29880,True
29883,False
29887,False
29892,False
29900,False
29901,False
29913,False
29919,False
29922,False
29941,False
29943,False
29947,False
29956,True
29960,False
29961,False
29964,False
29969,False
29976,True
29978,False
29980,False
29981,False
29982,False
29984,False
29985,True
29998,False
29999,False
30001,False
30002,False
30006,False
30012,False
30018,False
30023,False
30026,False
30027,False
30028,False
30029,False
30035,False
30046,False
30047,False
30048,False
30054,False
30060,False
30067,False
30074,False
30080,False
30082,False
30084,False
30092,False
30100,False
30101,False
30114,True
30119,False
30130,False
30133,False
30150,False
30156,False
30166,False
30172,True
30173,False
30186,False
30189,True
30209,False
30222,False
30232,False
30234,False
30237,True
30244,False
30248,True
30254,False
30260,False
30263,False
30267,False
30279,False
30293,False
30303,False
30309,False
30313,False
30315,False
30318,False
30319,False
30326,False
30327,False
30343,False
30347,False
30357,False
30359,False
30380,False
30383,False
30387,False
30393,False
30394,True
30395,False
30397,False
30400,False
30405,False
30417,False
30420,False
30424,False
30430,False
30437,False
30442,False
30447,False
30451,False
30455,False
30456,False
30463,False
30474,False
30476,False
30480,False
30496,False
30502,False
30511,False
30512,False
30517,False
30519,False
30524,False
30534,False
30537,False
30543,False
30550,False
30556,False
30560,False
30569,True
30574,False
30584,False
30594,False
30597,False
30601,False
30611,False
30612,True
30618,False
30620,False
30621,False
30622,True
30624,True
30630,False
30638,False
30639,False
30642,False
30643,False
30661,False
30667,False
30671,False
30672,False
30674,False
30680,False
30687,False
30691,False
30692,False
30694,False
30697,False
30706,False
30707,False
30709,False
30721,False
30723,False
30738,False
30739,False
30753,True
30761,False
30763,False
30767,True
30785,False
30790,False
30794,False
30799,False
30810,False
30814,False
30820,False
30822,False
30826,False
30834,False
30840,False
30841,False
30843,False
30851,True
30856,False
30859,False
30865,False
30872,False
30873,False
30878,False
30888,False
30893,False
30901,False
30902,False
30922,False
30931,True
30936,False
30941,False
30943,False
30949,False
30952,False
30954,True
30955,False
30957,False
30958,False
30963,False
30965,False
30968,False
30969,False
30976,False
30995,False
31002,False
31004,False
31006,False
31017,False
31025,True
31028,False
31030,False
31032,False
31035,False
31036,False
31042,False
31044,False
31046,False
31060,False
31070,False
31072,False
31079,False
31081,False
31087,False
31090,False
31092,False
31104,False
31112,False
31121,False
31133,False
31136,False
31140,False
31143,False
31152,False
31156,True
31157,False
31159,False
31162,False
31168,False
31173,False
31180,False
31188,False
31191,False
31195,False
31197,False
31204,False
31205,False
31216,False
31217,True
31219,True
31220,False
31221,False
31223,False
31225,False
31229,False
31234,False
31240,False
31244,False
31245,False
31249,False
31267,False
31269,False
31275,False
31282,False
31284,False
31285,True
31289,False
31290,False
31291,False
31310,False
31312,False
31318,False
31326,False
31327,False
31328,False
31334,False
31337,False
31348,False
31355,False
31356,False
31357,False
31359,False
31365,False
31366,False
31368,False
31376,False
31377,False
31378,False
31383,False
31394,False
31399,True
31405,False
31410,False
31412,False
31415,False
31418,True
31419,False
31421,True
31424,False
31432,False
31433,False
31434,False
31440,False
31442,False
31458,False
31459,False
31464,False
31466,False
31470,False
31473,False
31480,False
31492,False
31493,False
31494,False
31495,True
31502,True
31511,True
31516,False
31519,False
31520,False
31523,False
31533,False
31540,False
31551,False
31555,False
31565,False
31568,True
31576,False
31590,False
31598,False
31600,False
31608,False
31609,False
31610,False
31611,False
31613,False
31614,False
31623,False
31641,False
31648,False
31649,False
31660,False
31661,True
31663,False
31665,False
31667,False
31668,False
31675,False
31677,False
31680,False
31689,False
31690,True
31691,False
31693,False
31699,False
31700,False
31701,False
31708,False
31710,True
31715,False
31716,False
31718,False
31719,False
31725,False
31726,False
31728,False
31731,False
31735,False
31742,False
31761,False
31773,False
31792,False
31795,False
31797,False
31798,False
31800,False
31801,False
31808,False
31809,False
31814,False
31815,False
31820,False
31821,False
31829,False
31831,False
31832,True
31833,False
31835,False
31836,False
31842,False
31844,False
31846,False
31847,False
31856,False
31859,True
31864,False
31865,True
31866,False
31870,False
31877,False
31879,False
31883,False
31884,False
31888,False
31898,False
31911,False
31916,False
31918,False
31924,False
31925,True
31929,False
31969,False
31972,False
31975,False
31976,False
31984,False
31998,False
32001,False
32002,False
32010,False
32016,True
32034,False
32042,False
32043,False
32047,False
32048,False
32052,False
32055,False
32060,False
32062,False
32077,False
32078,True
32081,False
32087,False
32121,False
32123,False
32130,False
32135,True
32142,False
32144,False
32153,False
32161,False
32167,False
32169,True
32170,False
32172,False
32175,False
32180,True
32182,False
32192,False
32193,False
32201,False
32202,False
32204,False
32213,False
32215,False
32220,False
32221,False
32223,False
32231,False
32235,False
32240,False
32244,False
32247,False
32249,False
32254,False
32258,False
32259,False
32266,True
32275,False
32279,False
32290,False
32293,False
32304,False
32314,False
32315,False
32317,False
32320,False
32328,True
32333,False
32338,False
32344,False
32345,False
32352,False
32364,True
32366,False
32376,False
32393,False
32394,False
32398,False
32404,False
32406,False
32408,False
32410,False
32416,False
32429,True
32436,False
32448,False
32449,False
32456,False
32457,False
32459,False
32460,False
32476,False
32484,False
32492,False
32501,False
32502,False
32503,False
32507,True
32509,False
32516,False
32518,False
32525,False
32528,False
32536,False
32538,False
32542,False
32549,False
32558,False
32560,False
